{"cameraMode":{"drawMode":0,"name":"Shaded","section":"Shading Mode"},"sceneLighting":false,"audioPlay":false,"sceneViewState":{"m_AlwaysRefresh":false,"showFog":true,"showSkybox":false,"showFlares":true,"showImageEffects":true,"showParticleSystems":true,"showVisualEffectGraphs":true,"m_FxEnabled":true},"in2DMode":false,"pivot":{"x":-0.07186946272850037,"y":0.7898721694946289,"z":0.04893922805786133},"rotation":{"x":-0.03030417673289776,"y":-0.006899501197040081,"z":0.00020926108118146658,"w":-0.9995169043540955},"size":1.1764458417892457,"orthographic":false}