{"cameraMode":{"drawMode":0,"name":"Shaded","section":"Shading Mode"},"sceneLighting":false,"audioPlay":false,"sceneViewState":{"m_AlwaysRefresh":false,"showFog":true,"showSkybox":false,"showFlares":true,"showImageEffects":true,"showParticleSystems":true,"showVisualEffectGraphs":true,"m_FxEnabled":true},"in2DMode":false,"pivot":{"x":-0.015230223536491394,"y":0.11782673001289368,"z":0.007366180419921875},"rotation":{"x":-0.03030417673289776,"y":-0.006899501197040081,"z":0.00020926108118146658,"w":-0.9995169043540955},"size":0.8734959959983826,"orthographic":false}