{
    "BGMvolum": 0.12115077674388886,
    "SFXvoium": 0.15644299983978272,
    "BGM": false,
    "SFX": false
}