{
    "BGMvolum": 0.05808772146701813,
    "SFXvoium": 0.07569551467895508,
    "BGM": false,
    "SFX": false
}