{
    "BGMvolum": 0.17362579703330995,
    "SFXvoium": 0.1955128014087677,
    "BGM": false,
    "SFX": false
}