{"cameraMode":{"drawMode":0,"name":"Shaded","section":"Shading Mode"},"sceneLighting":true,"audioPlay":false,"sceneViewState":{"m_AlwaysRefresh":false,"showFog":true,"showSkybox":true,"showFlares":true,"showImageEffects":true,"showParticleSystems":true,"showVisualEffectGraphs":true,"m_FxEnabled":true},"in2DMode":false,"pivot":{"x":-2.941983222961426,"y":2.953171968460083,"z":0.09368777275085449},"rotation":{"x":-0.013808767311275006,"y":-0.006902316585183144,"z":0.00009533659613225609,"w":-0.9998819231987},"size":3.6073946952819826,"orthographic":false}