{"cameraMode":{"drawMode":0,"name":"Shaded","section":"Shading Mode"},"sceneLighting":true,"audioPlay":false,"sceneViewState":{"m_AlwaysRefresh":false,"showFog":true,"showSkybox":true,"showFlares":true,"showImageEffects":true,"showParticleSystems":true,"showVisualEffectGraphs":true,"m_FxEnabled":true},"in2DMode":false,"pivot":{"x":83.39991760253906,"y":228.90402221679688,"z":-2.92669677734375},"rotation":{"x":-0.013808767311275006,"y":-0.006902316585183144,"z":0.00009533659613225609,"w":-0.9998819231987},"size":505.6022033691406,"orthographic":false}