{"cameraMode":{"drawMode":0,"name":"Shaded","section":"Shading Mode"},"sceneLighting":true,"audioPlay":false,"sceneViewState":{"m_AlwaysRefresh":false,"showFog":true,"showSkybox":true,"showFlares":true,"showImageEffects":true,"showParticleSystems":true,"showVisualEffectGraphs":true,"m_FxEnabled":true},"in2DMode":false,"pivot":{"x":1.5033228397369385,"y":1.6296523809432984,"z":-2.4064486026763918},"rotation":{"x":0.02218862995505333,"y":-0.002402432030066848,"z":-0.000053303505410440266,"w":-0.9997525215148926},"size":1.8639707565307618,"orthographic":false}