{"cameraMode":{"drawMode":0,"name":"Shaded","section":"Shading Mode"},"sceneLighting":true,"audioPlay":false,"sceneViewState":{"m_AlwaysRefresh":false,"showFog":true,"showSkybox":true,"showFlares":true,"showImageEffects":true,"showParticleSystems":true,"showVisualEffectGraphs":true,"m_FxEnabled":true},"in2DMode":false,"pivot":{"x":0.09254088997840882,"y":0.5766531229019165,"z":-0.013855934143066407},"rotation":{"x":-0.013808767311275006,"y":-0.006902316585183144,"z":0.00009533659613225609,"w":-0.9998819231987},"size":1.5073950290679932,"orthographic":false}