{"cameraMode":{"drawMode":0,"name":"Shaded","section":"Shading Mode"},"sceneLighting":true,"audioPlay":false,"sceneViewState":{"m_AlwaysRefresh":false,"showFog":true,"showSkybox":true,"showFlares":true,"showImageEffects":true,"showParticleSystems":true,"showVisualEffectGraphs":true,"m_FxEnabled":true},"in2DMode":false,"pivot":{"x":-0.4639274477958679,"y":1.480909824371338,"z":0.07333123683929444},"rotation":{"x":-0.03329075500369072,"y":0.02757849544286728,"z":-0.0009188870317302644,"w":-0.9990656971931458},"size":0.7953144907951355,"orthographic":false}